"per","ddr4","ddr5","share","crise","nvda","n"
2024-01-01,5.69,12.32,0,0,0.0353721760877264,5
2024-01-08,3.21,12.555,0,0,0.0617617787695435,5
2024-01-15,3.24,12.415,0,0,0.0578019214403036,5
2024-01-22,3.39,12.36,0,0,0.0473164789047644,5
2024-01-29,5.63,12.725,0,0,0.0511077870056134,5
2024-02-05,3.4,12.83,0,0,0.048622294499135,5
2024-02-12,5.7,12.75,0,0,0.0498543313978435,5
2024-02-19,3.43,12.63,0,0,0.0442574274392888,5
2024-02-26,3.38,12.82,0,0,0.0344687550086165,5
2024-03-04,5.71,12.63,0,0,0.0353031393418228,5
2024-03-11,3.42,12.79,0,0,0.0455702955100588,5
2024-03-18,5.765,12.83,0,0,0.0362032114839903,5
2024-03-25,5.915,12.98,0,0,0.0341759254604579,5
2024-04-01,3.42,12.88,0,0,0.0368492143672077,5
2024-04-08,5.88,12.85,0,0,0.043175107452929,5
2024-04-15,3.48,12.97,0,0,0.0309203276577481,5
2024-04-22,3.51,12.9,0,0,0.0296171498857256,5
2024-04-29,3.475,13.035,0,0,0.0282269138719573,5
2024-05-06,3.45,12.83,0,0,0.0257950245090748,5
2024-05-13,3.39,12.985,0,0,0.031848239896402,5
2024-05-20,3.46,13.185,0,0,0.0200360691193384,5
2024-05-27,3.575,13.21,0,0,0.0341553341024921,5
2024-06-03,5.93,13.2,0,0,0.0276062023633386,5
2024-06-10,3.56,13.15,0,0,0.000902753459172345,5
2024-06-17,3.55,13.24,0,0,0.0120833090692467,5
2024-06-24,4.775,13.37,0,0,0.0011137650117381,5
2024-07-01,3.625,13.22,0,0,-0.00455363279360332,5
2024-07-08,3.63,13.34,0,0,0.00395977916106727,5
2024-07-15,3.615,13.39,0,0,-0.00365334951946972,5
2024-07-22,3.57,13.41,0,0,-0.00674656508020366,5
2024-07-29,3.56,13.515,0,0,0.00664719278180614,5
2024-08-05,6.05,13.455,0,0,0.00922425272407335,5
2024-08-12,6.055,13.51,0,0,-0.00617306233676107,5
2024-08-19,3.6,13.92,0,0,-0.00245510466578436,5
2024-08-26,3.72,13.83,0,0,0.00688710796626468,5
2024-09-02,4.91,13.87,0,0,-0.00756601148041458,5
2024-09-09,3.73,13.955,0,0,0.00680128742217878,5
2024-09-16,3.76,13.75,0,0,0.000830479464586809,5
2024-09-23,3.635,13.94,0,0,0.00115002025209865,5
2024-09-30,6.27,13.74,0,0,0.00137008237822744,5
2024-10-07,3.73,14.13,0,0,0.0115907887680717,5
2024-10-14,6.23,13.95,0,0,0.00797485863475877,5
2024-10-21,6.36,14.1,0,0,0.0131464191795878,5
2024-10-28,3.71,13.91,0,0,0.00468629643483842,5
2024-11-04,3.76,14.23,0,0,0.0135935922538888,5
2024-11-11,3.815,14.09,0,0,0.0127345879174547,5
2024-11-18,3.69,14,0,0,0.00610440706015103,5
2024-11-25,5.14,14.28,0,0,0.00876146929033039,5
2024-12-02,6.4,14.195,0,0,0.0133701694328523,5
2024-12-09,3.88,14.215,0,0,0.015677779483029,5
2024-12-16,6.48,14.355,0,0,-0.00383549180884835,5
2024-12-23,5.115,14.395,0,0,0.0178494424671691,5
2024-12-30,7.535,15.225,0.482142857142857,0,0.00750697809157819,5
2025-01-06,8.78,19.26,0.688524590163934,1,0.0165705235978253,5
2025-01-13,8.81,19.72,0.614285714285714,1,0.00492725011317541,5
2025-01-20,9.085,20.42,0.679245283018868,1,-0.0011289310928273,5
2025-01-27,5.59,20.96,0.7,1,0.0169820684775033,5
2025-02-03,9.5,21.56,0.666666666666667,1,0.0191392086291575,5
2025-02-10,5.9,22.42,0.666666666666667,1,0.0117180511250137,5
2025-02-17,10.295,23.11,0.754385964912281,1,0.00567075651998561,5
2025-02-24,10.51,23.345,0.655737704918033,1,0.00569866749714931,5
2025-03-03,6.28,24.03,0.648148148148148,1,0.0141914763388264,5
2025-03-10,6.53,24.175,0.558823529411765,1,0.0104091129587132,5
2025-03-17,6.69,25.12,0.618421052631579,1,0.0100319626405025,5
2025-03-24,9.15,25.96,0.725490196078431,1,0.0164531181103986,5
2025-03-31,9.45,26.275,0.657894736842105,1,0.0151597913692703,5
2025-04-07,12.55,26.79,0.714285714285714,1,0.00317716194404438,5
2025-04-14,7.38,27.18,0.596491228070175,1,0.0162431993159697,5
2025-04-21,12.675,28.17,0.692307692307692,1,0.00582800851825693,5
2025-04-28,7.57,28.525,0.596491228070175,1,0.00980086033985694,5
2025-05-05,7.765,28.975,0.694444444444444,1,-0.00183563039226797,5
2025-05-12,13.42,29.51,0.688311688311688,1,0.021006345687876,5
2025-05-19,13.745,30.395,0.7,1,0.000194640314162609,5
2025-05-26,8.17,30.93,0.883116883116883,1,0.0169004928984133,5
2025-06-02,8.5,31.79,1,1,0.0025887020858808,5
2025-06-09,14.54,32.065,1,1,0.00876440902620645,5
2025-06-16,8.95,32.03,1,1,0.0123758737488773,5
2025-06-23,8.86,33.595,1,1,0.00896917559002075,5
2025-06-30,9.18,34.25,1,1,0.00160941683578342,5
2025-07-07,9.085,35.04,1,1,0.018690265272407,5
2025-07-14,9.31,35.345,1,1,0.00555549367477859,5
2025-07-21,9.53,35.58,1,1,0.00675322853146865,5
2025-07-28,16.97,36.295,1,1,0.0167316080995144,5
2025-08-04,10.055,37.01,1,1,0.0120746325799646,5
2025-08-11,17.715,37.435,1,1,0.000290244361402792,5
2025-08-18,17.28,39.09,1,1,0.0144318522846936,5
2025-08-25,17.57,37.965,1,1,0.000603111240309762,5
2025-09-01,10.47,39.13,1,1,0.0064915612598333,5
2025-09-08,10.72,39.805,1,1,0.00567463597549356,5
2025-09-15,10.77,41.26,1,1,0.0164292101469914,5
2025-09-22,10.885,40.86,1,1,0.0107114633900838,5
2025-09-29,14.745,41.13,1,1,-0.000564857388531959,5
2025-10-06,11.17,42.04,1,1,0.010262469716213,5
2025-10-13,19.25,42.15,1,1,0.0132984932601605,5
2025-10-20,11.78,43.77,1,1,0.00747824368131322,5
2025-10-27,19.99,44.735,1,1,-0.0024314675759709,5
2025-11-03,20.105,44.54,1,1,-0.0112684131091445,5
2025-11-10,12.015,45.31,1,1,-0.0214428568041694,5
2025-11-17,20.34,45.295,1,1,-0.0133585673429417,5
2025-11-24,12.53,46.455,1,1,-0.010969106197487,5
2025-12-01,21.04,47.42,1,1,-0.0216748646717617,5
2025-12-08,21.235,47.645,1,1,-0.0112660419894128,5
2025-12-15,12.74,48.45,1,1,-0.0244063529323033,5
2025-12-22,22.465,49.23,1,1,-0.0234987179848272,5
2025-12-29,13.22,48.78,1,1,-0.0156893077743447,5
2026-01-05,13.31,49.79,1,1,-0.0011961825632838,5
2026-01-12,13.53,50.1,1,1,0.014741423943597,5
2026-01-19,13.6,51.08,1,1,-0.00320792121499824,5
2026-01-26,23.21,50.7,1,1,0.0125544595720855,5
2026-02-02,24.195,52.1,1,1,-0.00266708965867046,5
2026-02-09,13.8,52.56,1,1,0.0112026038997919,5
2026-02-16,18.95,52.53,1,1,-0.00612407533578319,5
2026-02-23,14.14,53.515,1,1,0.0167789447039506,5
2026-03-02,19.54,53.91,1,1,0.00937542349312581,5
