"equacao","termo","coef","ep","p"
"d_ddr4","d_ddr4.l1",-0.6206,0.1689,0.001
"d_ddr4","d_ddr5.l1",1.9107,0.9824,0.064
"d_ddr4","d_ddr4.l2",-0.6278,0.1848,0.002
"d_ddr4","d_ddr5.l2",-1.4411,0.8866,0.117
"d_ddr4","const",0.0076,0.0864,0.931
"d_ddr4","crise",0.1021,0.1232,0.415
"d_ddr5","d_ddr4.l1",0.038,0.036,0.301
"d_ddr5","d_ddr5.l1",0.1838,0.2094,0.389
"d_ddr5","d_ddr4.l2",-0.0273,0.0394,0.494
"d_ddr5","d_ddr5.l2",-0.0296,0.189,0.877
"d_ddr5","const",0.0116,0.0184,0.534
"d_ddr5","crise",0.0498,0.0262,0.07
