"freq","variavel","h","nvda","d_ddr5","d_ddr4"
"mensal","nvda",1,100,0,0
"mensal","nvda",3,98.7,1.1,0.2
"mensal","nvda",6,98.5,1.2,0.2
"mensal","nvda",12,98.5,1.2,0.2
"mensal","d_ddr5",1,0.1,99.9,0
"mensal","d_ddr5",3,2.5,85.3,12.2
"mensal","d_ddr5",6,2.9,84.6,12.4
"mensal","d_ddr5",12,3,84.6,12.4
"mensal","d_ddr4",1,18.2,12.7,69.1
"mensal","d_ddr4",3,18.3,12.2,69.4
"mensal","d_ddr4",6,18.3,12.2,69.4
"mensal","d_ddr4",12,18.3,12.2,69.4
"semanal","nvda",1,100,0,0
"semanal","nvda",4,96.9,1.9,1.2
"semanal","nvda",12,96,2.8,1.2
"semanal","d_ddr5",1,0.6,99.4,0
"semanal","d_ddr5",4,1.4,98.1,0.5
"semanal","d_ddr5",12,1.7,97.8,0.5
"semanal","d_ddr4",1,0.6,0.4,99
"semanal","d_ddr4",4,4.2,1.3,94.5
"semanal","d_ddr4",12,4.2,1.4,94.4
