"freq","tipo","h","resposta","irf","inf","sup"
"mensal","pontual",0,"d_ddr5",-0.0012,-0.0139,0.0117
"mensal","pontual",1,"d_ddr5",-0.001,-0.0137,0.0125
"mensal","pontual",2,"d_ddr5",0.0089,-0.0012,0.018
"mensal","pontual",3,"d_ddr5",0.002,-0.0052,0.0057
"mensal","pontual",6,"d_ddr5",0.0013,-4e-04,0.0035
"mensal","pontual",12,"d_ddr5",1e-04,0,8e-04
"mensal","pontual",0,"d_ddr4",-0.1453,-0.2216,-0.0223
"mensal","pontual",1,"d_ddr4",0.0471,-0.0257,0.1484
"mensal","pontual",2,"d_ddr4",-0.0145,-0.0658,0.0336
"mensal","pontual",3,"d_ddr4",0.0065,-0.0209,0.0481
"mensal","pontual",6,"d_ddr4",0,-0.0146,0.0066
"mensal","pontual",12,"d_ddr4",0,-0.0032,8e-04
"mensal","acumulada",0,"d_ddr5",-0.0012,-0.0148,0.0119
"mensal","acumulada",1,"d_ddr5",-0.0022,-0.0227,0.017
"mensal","acumulada",2,"d_ddr5",0.0067,-0.0185,0.03
"mensal","acumulada",3,"d_ddr5",0.0087,-0.0208,0.0353
"mensal","acumulada",6,"d_ddr5",0.0145,-0.0224,0.0473
"mensal","acumulada",12,"d_ddr5",0.0169,-0.0229,0.055
"mensal","acumulada",0,"d_ddr4",-0.1453,-0.2274,-0.0222
"mensal","acumulada",1,"d_ddr4",-0.0982,-0.1755,0.0288
"mensal","acumulada",2,"d_ddr4",-0.1127,-0.2018,0.0303
"mensal","acumulada",3,"d_ddr4",-0.1062,-0.2058,0.0467
"mensal","acumulada",6,"d_ddr4",-0.1064,-0.2251,0.062
"mensal","acumulada",12,"d_ddr4",-0.1058,-0.2393,0.0748
"semanal","pontual",0,"d_ddr5",0.0019,-4e-04,0.0041
"semanal","pontual",1,"d_ddr5",-0.0012,-0.0046,0.0026
"semanal","pontual",2,"d_ddr5",0.002,-4e-04,0.0045
"semanal","pontual",3,"d_ddr5",-1e-04,-0.0015,0.0015
"semanal","pontual",6,"d_ddr5",6e-04,-3e-04,0.0014
"semanal","pontual",12,"d_ddr5",2e-04,-1e-04,5e-04
"semanal","pontual",0,"d_ddr4",-0.0217,-0.0609,0.0226
"semanal","pontual",1,"d_ddr4",0.052,-0.0016,0.0996
"semanal","pontual",2,"d_ddr4",-0.0429,-0.09,0.0081
"semanal","pontual",3,"d_ddr4",0.0286,-0.006,0.0627
"semanal","pontual",6,"d_ddr4",0.0027,-0.0084,0.0099
"semanal","pontual",12,"d_ddr4",8e-04,-0.0015,0.0023
"semanal","acumulada",0,"d_ddr5",0.0019,-2e-04,0.0044
"semanal","acumulada",1,"d_ddr5",7e-04,-0.0031,0.0051
"semanal","acumulada",2,"d_ddr5",0.0027,-0.001,0.0074
"semanal","acumulada",3,"d_ddr5",0.0026,-0.0019,0.0085
"semanal","acumulada",6,"d_ddr5",0.0046,-0.0022,0.0126
"semanal","acumulada",12,"d_ddr5",0.0064,-0.0034,0.0169
"semanal","acumulada",0,"d_ddr4",-0.0217,-0.0616,0.0221
"semanal","acumulada",1,"d_ddr4",0.0303,-0.0095,0.0679
"semanal","acumulada",2,"d_ddr4",-0.0126,-0.0445,0.0243
"semanal","acumulada",3,"d_ddr4",0.016,-0.022,0.0536
"semanal","acumulada",6,"d_ddr4",0.0142,-0.0315,0.0575
"semanal","acumulada",12,"d_ddr4",0.0201,-0.0371,0.0737
