"per","ddr4","ddr5","share","crise","ddr5_con","ddr5_ent","fab_util","estoque_sem","hbm_gb"
2024-01-01,4.475,12.42,0,0,7.04,12.71,0.505926618705036,14.8054676258993,43.2921942446043
2024-02-01,4.505,12.755,0,0,7.14,12.96,0.518485833333333,14.5175833333333,50.2695833333333
2024-03-01,5.675,12.81,0,0,7.3,12.98,0.530803558718861,14.1486120996441,57.1122775800712
2024-04-01,3.51,12.895,0,0,7.32,13.11,0.543438367346939,13.8489387755102,64.1342448979592
2024-05-01,3.45,13.01,0,0,7.4,13.31,0.555712030075188,13.5282706766917,70.9507894736842
2024-06-01,3.56,13.235,0,0,7.49,13.46,0.568696551724138,13.1545593869732,78.1635632183908
2024-07-01,3.61,13.34,0,0,7.68,13.655,0.58057747440273,12.8330716723549,84.7672354948806
2024-08-01,3.72,13.64,0,0,7.7,13.93,0.593447555555556,12.4990666666667,91.9127111111111
2024-09-01,3.73,13.875,0,0,7.84,14.11,0.606181712062257,12.1088326848249,98.9892996108949
2024-10-01,5.005,13.99,0,0,7.9,14.315,0.618406177606178,11.839111969112,105.783243243243
2024-11-01,3.76,14.04,0,0,8.005,14.45,0.630924615384615,11.5178461538462,112.737730769231
2024-12-01,6.41,14.28,0,0,8.125,14.54,0.64371976744186,11.1621317829457,119.842596899225
2025-01-01,8.37,19.75,0.671532846715328,1,11.27,20.295,0.656562773722628,10.8301459854015,126.979306569343
2025-02-01,9.705,22.32,0.666666666666667,1,12.71,22.82,0.66862633744856,10.5276543209877,133.68353909465
2025-03-01,6.69,24.55,0.645161290322581,1,14.075,25.18,0.680838709677419,10.2145878136201,140.465376344086
2025-04-01,11.98,27,0.650190114068441,1,15.52,27.8,0.692991254752852,9.85821292775665,147.217756653992
2025-05-01,12.83,29.75,0.731707317073171,1,17.185,30.595,0.706540766550523,9.52233449477352,154.741428571429
2025-06-01,8.92,32.25,1,1,18.255,32.97,0.718047859922179,9.17525291828794,161.136420233463
2025-07-01,9.395,35.045,1,1,20.09,35.71,0.731031851851852,8.86251851851852,168.349851851852
2025-08-01,16.97,37.62,1,1,21.48,38.6,0.743594861660079,8.46213438735178,175.331936758893
2025-09-01,10.73,40.145,1,1,22.97,40.89,0.755712820512821,8.19014652014652,182.061355311355
2025-10-01,11.78,42.3,1,1,24.27,43.955,0.768579922779923,7.83482625482625,189.212625482625
2025-11-01,19.93,45.46,1,1,26,46.26,0.781299245283019,7.56049056603774,196.277886792453
2025-12-01,21.16,48.49,1,1,27.16,49.23,0.793718846153846,7.15230769230769,203.176153846154
2026-01-01,13.52,50.31,1,1,28.59,51.41,0.806284251968504,6.86125984251968,210.160708661417
2026-02-01,14.33,52.455,1,1,30.02,53.3,0.818396650717703,6.50282296650718,216.886411483254
2026-03-01,14.86,54.315,1,1,30.97,55.48,0.8303016,6.13976,223.4996
2026-04-01,15.155,55.995,1,1,31.82,57.805,0.843241338582677,5.79984251968504,230.68968503937
2026-05-01,15.94,57.975,1,1,33.22,60.1,0.855423076923077,5.58407692307692,237.457384615385
2026-06-01,16.31,60.445,1,1,34.375,61.5,0.867934136546185,5.22626506024096,244.407630522088
2026-07-01,27.44,62.23,1,1,35.53,63.5,0.880154508196721,4.84963114754098,251.195696721311
2026-08-01,17.37,64.05,1,1,36.6,65.74,0.893392988929889,4.51007380073801,258.549778597786
2026-09-01,18.035,66.32,1,1,38.1,68.09,0.906298054474708,4.15307392996109,265.719182879377
